Feature,R2,p_value,Significant
SampleType,0.9729765119028007,0.001,Yes
Location,0.950859449942946,0.001,Yes
SampleCollectionWeek,0.9319032701327309,0.001,Yes
PostNatalAbxCohort,0.8559653982088186,0.001,Yes
MaternalAntibiotics,0.7740375457952956,0.001,Yes
PICC,0.7719286243463257,0.001,Yes
AnyMilk,0.7554217367801911,0.001,Yes
GestationCohort,0.7453561080259399,0.001,Yes
UVC,0.732948781952114,0.003,Yes
BSI_30D,0.6271056126776683,0.001,Yes
NEC_30D,0.4786846999895913,0.513,No
