Feature,p_value,R2,Significant
SampleType,0.001,0.9729765119028007,Yes
Location,0.001,0.950859449942946,Yes
GestationCohort,0.001,0.7453561080259399,Yes
SampleCollectionWeek,0.001,0.9319032701327309,Yes
MaternalAntibiotics,0.001,0.7740375457952956,Yes
PostNatalAbxCohort,0.001,0.8559653982088186,Yes
BSI_30D,0.001,0.6271056126776683,Yes
AnyMilk,0.001,0.7554217367801911,Yes
PICC,0.001,0.7719286243463257,Yes
UVC,0.003,0.732948781952114,Yes
NEC_30D,0.513,0.4786846999895913,No
